rank,rank.1,points,team,apr,mar,feb,jan,dec,year,nov,oct,sep,aug,jul,jun,may
1,,802.0,France,1.0,1,1,1.0,1,2002,,,,,,,
2,,784.0,Brazil,2.0,3,3,3.0,3,2002,,,,,,,
3,,784.0,Argentina,3.0,2,2,2.0,2,2002,,,,,,,
4,,728.0,Colombia,4.0,5,5,5.0,5,2002,,,,,,,
5,,726.0,Portugal,5.0,6,4,4.0,4,2002,,,,,,,
6,,717.0,Italy,6.0,4,6,6.0,6,2002,,,,,,,
7,,716.0,Mexico,7.0,8,9,9.0,9,2002,,,,,,,
8,,713.0,Spain,8.0,7,7,7.0,7,2002,,,,,,,
9,,703.0,Netherlands,9.0,9,8,8.0,8,2002,,,,,,,
10,,702.0,Yugoslavia,10.0,11,11,11.0,11,2002,,,,,,,
11,,695.0,Germany,12.0,10,12,12.0,12,2002,,,,,,,
12,,694.0,England,11.0,12,10,10.0,10,2002,,,,,,,
13,,690.0,USA,13.0,13,13,24.0,24,2002,,,,,,,
14,,675.0,Romania,16.0,17,16,15.0,15,2002,,,,,,,
15,,674.0,Republic of Ireland,19.0,18,19,18.0,17,2002,,,,,,,
16,,674.0,Czech Republic,14.0,14,15,14.0,14,2002,,,,,,,
17,,672.0,Cameroon,18.0,19,18,37.0,38,2002,,,,,,,
18,,671.0,Paraguay,15.0,15,14,13.0,13,2002,,,,,,,
19,,665.0,Sweden,17.0,16,17,16.0,16,2002,,,,,,,
20,,657.0,Denmark,20.0,20,20,17.0,18,2002,,,,,,,
21,,655.0,Croatia,23.0,23,21,19.0,19,2002,,,,,,,
22,,654.0,Turkey,25.0,25,25,23.0,23,2002,,,,,,,
23,,653.0,Belgium,22.0,21,22,20.0,20,2002,,,,,,,
24,,652.0,Uruguay,21.0,22,24,22.0,22,2002,,,,,,,
25,,649.0,Slovenia,28.0,28,28,27.0,25,2002,,,,,,,
26,,647.0,Honduras,26.0,26,27,25.0,27,2002,,,,,,,
27,,644.0,Nigeria,29.0,32,31,40.0,40,2002,,,,,,,
28,,644.0,Russia,24.0,24,23,21.0,21,2002,,,,,,,
29,,643.0,Costa Rica,27.0,27,26,30.0,30,2002,,,,,,,
30,,635.0,IR Iran,32.0,31,32,29.0,29,2002,,,,,,,
31,,635.0,Tunisia,30.0,29,29,28.0,28,2002,,,,,,,
32,,634.0,Japan,33.0,38,38,35.0,34,2002,,,,,,,
33,,631.0,Norway,31.0,30,30,26.0,26,2002,,,,,,,
34,,627.0,Saudi Arabia,34.0,35,34,32.0,31,2002,,,,,,,
35,,624.0,Trinidad and Tobago,35.0,34,35,34.0,32,2002,,,,,,,
36,,624.0,Ecuador,36.0,37,37,38.0,37,2002,,,,,,,
37,,623.0,South Africa,37.0,36,33,33.0,35,2002,,,,,,,
38,,615.0,Poland,38.0,33,36,31.0,33,2002,,,,,,,
39,,612.0,Morocco,39.0,39,39,36.0,36,2002,,,,,,,
40,,603.0,Korea Republic,41.0,41,41,42.0,42,2002,,,,,,,
41,,600.0,Finland,42.0,47,47,46.0,46,2002,,,,,,,
42,,599.0,Senegal,43.0,45,45,68.0,65,2002,,,,,,,
43,,598.0,Egypt,40.0,40,40,41.0,41,2002,,,,,,,
44,,593.0,Ukraine,45.0,42,48,45.0,45,2002,,,,,,,
45,,590.0,Chile,44.0,43,42,39.0,39,2002,,,,,,,
46,,580.0,Côte d'Ivoire,46.0,48,46,44.0,44,2002,,,,,,,
47,,578.0,Peru,47.0,44,44,43.0,43,2002,,,,,,,
48,,575.0,Australia,48.0,49,49,48.0,48,2002,,,,,,,
49,,574.0,Slovakia,49.0,46,43,47.0,47,2002,,,,,,,
50,,566.0,China PR,51.0,53,53,55.0,54,2002,,,,,,,
1,,827.0,Brazil,1.0,1,1,1.0,1,2006,,,,,,,
2,,772.0,Czech Republic,2.0,2,2,2.0,2,2006,,,,,,,
3,,768.0,Netherlands,3.0,3,3,3.0,3,2006,,,,,,,
4,,758.0,Mexico,6.0,7,6,7.0,5,2006,,,,,,,
5,,756.0,USA,4.0,5,6,7.0,8,2006,,,,,,,
5,,756.0,Spain,5.0,6,6,5.0,5,2006,,,,,,,
7,,750.0,Portugal,8.0,10,10,10.0,10,2006,,,,,,,
8,,749.0,France,7.0,8,5,5.0,5,2006,,,,,,,
9,,746.0,Argentina,8.0,4,4,4.0,4,2006,,,,,,,
10,,741.0,England,10.0,9,9,9.0,9,2006,,,,,,,
11,,736.0,Nigeria,12.0,12,12,24.0,24,2006,,,,,,,
11,,736.0,Denmark,11.0,14,14,13.0,13,2006,,,,,,,
13,,728.0,Italy,14.0,12,12,12.0,12,2006,,,,,,,
14,,726.0,Turkey,13.0,11,11,11.0,11,2006,,,,,,,
15,,722.0,Cameroon,15.0,15,16,23.0,23,2006,,,,,,,
16,,709.0,Sweden,16.0,16,15,14.0,14,2006,,,,,,,
17,,708.0,Egypt,18.0,17,17,32.0,32,2006,,,,,,,
18,,705.0,Japan,17.0,18,18,15.0,15,2006,,,,,,,
19,,696.0,Germany,19.0,22,19,17.0,16,2006,,,,,,,
20,,694.0,Greece,19.0,21,19,16.0,16,2006,,,,,,,
21,,693.0,Tunisia,21.0,24,23,28.0,28,2006,,,,,,,
22,,689.0,Uruguay,22.0,23,21,18.0,18,2006,,,,,,,
23,,686.0,IR Iran,22.0,19,22,19.0,19,2006,,,,,,,
23,,686.0,Croatia,24.0,19,23,20.0,20,2006,,,,,,,
25,,685.0,Romania,25.0,26,30,27.0,27,2006,,,,,,,
26,,683.0,Costa Rica,26.0,25,25,21.0,21,2006,,,,,,,
27,,681.0,Colombia,27.0,30,27,24.0,24,2006,,,,,,,
28,,679.0,Senegal,29.0,28,29,30.0,30,2006,,,,,,,
29,,677.0,Poland,28.0,26,26,22.0,22,2006,,,,,,,
29,,677.0,Korea Republic,30.0,31,31,29.0,29,2006,,,,,,,
31,,671.0,Republic of Ireland,30.0,29,27,26.0,24,2006,,,,,,,
32,,669.0,Côte d'Ivoire,32.0,32,32,42.0,42,2006,,,,,,,
33,,653.0,Paraguay,33.0,33,33,30.0,30,2006,,,,,,,
34,,651.0,Saudi Arabia,34.0,34,35,33.0,33,2006,,,,,,,
35,,648.0,Switzerland,35.0,35,37,36.0,35,2006,,,,,,,
36,,646.0,Morocco,36.0,37,36,35.0,36,2006,,,,,,,
37,,645.0,Russia,37.0,35,34,34.0,34,2006,,,,,,,
37,,645.0,Bulgaria,38.0,39,40,39.0,39,2006,,,,,,,
39,,631.0,Ecuador,39.0,38,38,38.0,37,2006,,,,,,,
40,,627.0,Norway,40.0,39,39,37.0,38,2006,,,,,,,
41,,613.0,Slovakia,43.0,41,45,44.0,45,2006,,,,,,,
42,,612.0,Honduras,41.0,43,42,41.0,41,2006,,,,,,,
42,,612.0,Australia,44.0,44,48,48.0,48,2006,,,,,,,
44,,610.0,Serbia and Montenegro,46.0,46,47,47.0,47,2006,,,,,,,
45,,609.0,Ukraine,41.0,42,41,40.0,40,2006,,,,,,,
46,,607.0,Jamaica,44.0,45,43,42.0,42,2006,,,,,,,
47,,604.0,Trinidad and Tobago,47.0,49,51,50.0,50,2006,,,,,,,
48,,600.0,Ghana,50.0,50,48,50.0,50,2006,,,,,,,
49,,599.0,Finland,49.0,48,46,46.0,46,2006,,,,,,,
49,,599.0,Israel,47.0,47,44,44.0,44,2006,,,,,,,
1,,1887.0,Spain,,,,,,2010,1.0,1.0,1.0,1,1.0,,
2,,1723.0,Netherlands,,,,,,2010,2.0,2.0,2.0,2,2.0,,
3,,1485.0,Germany,,,,,,2010,4.0,4.0,3.0,4,4.0,,
4,,1447.0,Brazil,,,,,,2010,3.0,3.0,4.0,3,3.0,,
5,,1338.0,Argentina,,,,,,2010,5.0,5.0,5.0,5,5.0,,
6,,1195.0,England,,,,,,2010,6.0,6.0,6.0,7,7.0,,
7,,1153.0,Uruguay,,,,,,2010,7.0,7.0,7.0,6,6.0,,
8,,1090.0,Portugal,,,,,,2010,8.0,8.0,8.0,8,8.0,,
9,,1078.0,Egypt,,,,,,2010,10.0,11.0,9.0,9,9.0,,
10,,1075.0,Croatia,,,,,,2010,9.0,9.0,11.0,14,15.0,,
11,,1016.0,Greece,,,,,,2010,11.0,12.0,12.0,12,12.0,,
12,,995.0,Norway,,,,,,2010,12.0,13.0,14.0,22,22.0,,
13,,982.0,Russia,,,,,,2010,13.0,10.0,25.0,16,17.0,,
14,,965.0,Italy,,,,,,2010,14.0,16.0,13.0,11,11.0,,
15,,951.0,Chile,,,,,,2010,16.0,14.0,10.0,10,10.0,,
16,,908.0,Ghana,,,,,,2010,17.0,17.0,20.0,23,23.0,,
17,,896.0,Slovenia,,,,,,2010,15.0,15.0,19.0,19,19.0,,
18,,867.0,France,,,,,,2010,21.0,18.0,27.0,21,21.0,,
18,,867.0,USA,,,,,,2010,24.0,25.0,18.0,18,13.0,,
20,,854.0,Slovakia,,,,,,2010,18.0,20.0,16.0,27,27.0,,
21,,846.0,Côte d'Ivoire,,,,,,2010,19.0,19.0,23.0,26,26.0,,
22,,840.0,Switzerland,,,,,,2010,21.0,23.0,21.0,17,18.0,,
23,,837.0,Serbia,,,,,,2010,25.0,22.0,15.0,13,13.0,,
24,,832.0,Paraguay,,,,,,2010,23.0,24.0,17.0,15,16.0,,
25,,824.0,Montenegro,,,,,,2010,26.0,26.0,40.0,73,72.0,,
26,,816.0,Australia,,,,,,2010,20.0,21.0,24.0,20,20.0,,
27,,795.0,Mexico,,,,,,2010,28.0,28.0,28.0,25,24.0,,
28,,790.0,Denmark,,,,,,2010,27.0,27.0,29.0,29,29.0,,
29,,776.0,Japan,,,,,,2010,30.0,30.0,30.0,32,32.0,,
30,,751.0,Czech Republic,,,,,,2010,31.0,31.0,37.0,31,31.0,,
31,,741.0,Turkey,,,,,,2010,29.0,29.0,21.0,28,28.0,,
32,,725.0,Nigeria,,,,,,2010,33.0,34.0,34.0,30,30.0,,
33,,712.0,Sweden,,,,,,2010,35.0,36.0,32.0,35,35.0,,
34,,702.0,Ukraine,,,,,,2010,36.0,35.0,26.0,24,25.0,,
35,,687.0,Algeria,,,,,,2010,34.0,33.0,35.0,33,33.0,,
36,,681.0,Republic of Ireland,,,,,,2010,32.0,32.0,33.0,36,36.0,,
37,,670.0,Cameroon,,,,,,2010,38.0,38.0,37.0,40,40.0,,
38,,660.0,Belarus,,,,,,2010,40.0,42.0,55.0,78,77.0,,
39,,648.0,Gabon,,,,,,2010,37.0,39.0,31.0,34,34.0,,
40,,647.0,Korea Republic,,,,,,2010,39.0,40.0,44.0,44,44.0,,
41,,644.0,Burkina Faso,,,,,,2010,41.0,37.0,39.0,45,45.0,,
42,,632.0,Hungary,,,,,,2010,43.0,44.0,51.0,62,62.0,,
43,,615.0,Northern Ireland,,,,,,2010,42.0,41.0,45.0,59,59.0,,
44,,582.0,Bosnia and Herzegovina,,,,,,2010,51.0,53.0,59.0,57,57.0,,
45,,578.0,Tunisia,,,,,,2010,44.0,45.0,56.0,64,65.0,,
46,,569.0,Austria,,,,,,2010,49.0,49.0,61.0,60,60.0,,
46,,569.0,Guinea,,,,,,2010,47.0,47.0,81.0,102,101.0,,
48,,558.0,Colombia,,,,,,2010,47.0,46.0,40.0,36,39.0,,
49,,555.0,Bulgaria,,,,,,2010,45.0,43.0,54.0,43,43.0,,
50,,551.0,Israel,,,,,,2010,55.0,56.0,36.0,38,37.0,,
1,,1724.0,Germany,2.0,2,2,,,2014,,,,,,2,2.0
2,,1606.0,Argentina,6.0,3,3,,,2014,,,,,,5,7.0
3,,1496.0,Netherlands,15.0,11,10,,,2014,,,,,,15,15.0
4,,1492.0,Colombia,4.0,5,5,,,2014,,,,,,8,5.0
5,,1401.0,Belgium,12.0,10,11,,,2014,,,,,,11,12.0
6,,1330.0,Uruguay,5.0,6,7,,,2014,,,,,,7,6.0
7,,1241.0,Brazil,6.0,9,9,,,2014,,,,,,3,4.0
8,,1229.0,Spain,1.0,1,1,,,2014,,,,,,1,1.0
9,,1216.0,Switzerland,8.0,7,6,,,2014,,,,,,6,8.0
10,,1202.0,France,16.0,17,18,,,2014,,,,,,17,16.0
11,,1148.0,Portugal,3.0,4,4,,,2014,,,,,,4,3.0
12,,1098.0,Chile,14.0,15,14,,,2014,,,,,,14,13.0
13,,1091.0,Greece,10.0,13,12,,,2014,,,,,,12,10.0
14,,1056.0,Italy,9.0,8,8,,,2014,,,,,,9,9.0
15,,989.0,USA,13.0,14,13,,,2014,,,,,,13,14.0
16,,986.0,Costa Rica,34.0,34,35,,,2014,,,,,,28,34.0
17,,955.0,Croatia,20.0,16,16,,,2014,,,,,,18,20.0
18,,930.0,Mexico,19.0,20,21,,,2014,,,,,,20,19.0
19,,917.0,Bosnia and Herzegovina,25.0,21,17,,,2014,,,,,,21,25.0
20,,911.0,England,11.0,12,15,,,2014,,,,,,10,11.0
21,,901.0,Ecuador,28.0,23,24,,,2014,,,,,,26,28.0
22,,898.0,Ukraine,17.0,18,18,,,2014,,,,,,16,17.0
23,,897.0,Russia,18.0,19,22,,,2014,,,,,,19,18.0
24,,872.0,Algeria,25.0,25,26,,,2014,,,,,,22,25.0
25,,850.0,Côte d'Ivoire,21.0,24,23,,,2014,,,,,,23,21.0
26,,807.0,Denmark,23.0,22,20,,,2014,,,,,,23,23.0
27,,734.0,Scotland,22.0,37,34,,,2014,,,,,,27,22.0
28,,733.0,Romania,31.0,32,33,,,2014,,,,,,29,32.0
29,,724.0,Sweden,25.0,27,25,,,2014,,,,,,32,25.0
30,,720.0,Venezuela,41.0,39,35,,,2014,,,,,,40,41.0
31,,717.0,Serbia,30.0,28,29,,,2014,,,,,,30,30.0
32,,714.0,Turkey,39.0,38,42,,,2014,,,,,,35,39.0
33,,684.0,Panama,35.0,29,32,,,2014,,,,,,31,35.0
34,,664.0,Nigeria,45.0,47,47,,,2014,,,,,,44,44.0
35,,646.0,Czech Republic,36.0,30,31,,,2014,,,,,,34,36.0
36,,645.0,Egypt,24.0,26,38,,,2014,,,,,,36,24.0
37,,644.0,Slovenia,29.0,31,27,,,2014,,,,,,25,29.0
38,,642.0,Ghana,38.0,35,37,,,2014,,,,,,37,38.0
38,,642.0,Hungary,44.0,43,44,,,2014,,,,,,47,45.0
40,,637.0,Honduras,32.0,36,40,,,2014,,,,,,33,30.0
41,,635.0,Armenia,33.0,41,30,,,2014,,,,,,38,33.0
42,,621.0,Tunisia,49.0,44,45,,,2014,,,,,,48,49.0
43,,614.0,Austria,40.0,44,43,,,2014,,,,,,42,40.0
44,,606.0,Wales,47.0,49,51,,,2014,,,,,,41,47.0
45,,604.0,Japan,47.0,48,50,,,2014,,,,,,46,47.0
46,,588.0,Slovakia,46.0,50,54,,,2014,,,,,,49,46.0
47,,570.0,Iceland,58.0,52,48,,,2014,,,,,,52,58.0
48,,566.0,Paraguay,54.0,59,49,,,2014,,,,,,50,55.0
49,,563.0,IR Iran,37.0,42,38,,,2014,,,,,,43,37.0
50,,559.0,Montenegro,54.0,46,52,,,2014,,,,,,51,54.0
1,,1558.0,Germany,1.0,1,1,1.0,,2018,,,,,,,1.0
2,,1431.0,Brazil,2.0,2,2,2.0,,2018,,,,,,,2.0
3,,1298.0,Belgium,3.0,5,5,5.0,,2018,,,,,,,3.0
4,,1274.0,Portugal,4.0,3,3,3.0,,2018,,,,,,,4.0
5,,1241.0,Argentina,5.0,4,4,4.0,,2018,,,,,,,5.0
6,,1199.0,Switzerland,6.0,8,8,8.0,,2018,,,,,,,6.0
7,,1198.0,France,7.0,9,9,9.0,,2018,,,,,,,7.0
8,,1183.0,Poland,10.0,6,7,7.0,,2018,,,,,,,10.0
9,,1135.0,Chile,9.0,10,10,10.0,,2018,,,,,,,9.0
10,,1126.0,Spain,8.0,6,6,6.0,,2018,,,,,,,8.0
11,,1125.0,Peru,11.0,11,11,11.0,,2018,,,,,,,11.0
12,,1051.0,England,13.0,16,16,16.0,,2018,,,,,,,13.0
12,,1051.0,Denmark,12.0,12,12,12.0,,2018,,,,,,,12.0
14,,1018.0,Uruguay,17.0,22,22,22.0,,2018,,,,,,,17.0
15,,989.0,Mexico,15.0,17,17,17.0,,2018,,,,,,,15.0
16,,986.0,Colombia,16.0,13,13,13.0,,2018,,,,,,,16.0
17,,981.0,Netherlands,19.0,21,21,21.0,,2018,,,,,,,19.0
18,,953.0,Wales,21.0,20,20,19.0,,2018,,,,,,,21.0
19,,951.0,Italy,20.0,14,14,14.0,,2018,,,,,,,20.0
20,,945.0,Croatia,18.0,15,15,15.0,,2018,,,,,,,18.0
21,,910.0,Tunisia,14.0,23,23,23.0,,2018,,,,,,,14.0
22,,908.0,Iceland,22.0,18,18,20.0,,2018,,,,,,,22.0
23,,884.0,Costa Rica,25.0,26,25,27.0,,2018,,,,,,,25.0
24,,880.0,Sweden,23.0,19,19,18.0,,2018,,,,,,,23.0
25,,873.0,USA,24.0,25,24,25.0,,2018,,,,,,,24.0
26,,845.0,Austria,26.0,28,29,29.0,,2018,,,,,,,26.0
27,,838.0,Senegal,28.0,27,27,24.0,,2018,,,,,,,28.0
28,,804.0,Slovakia,29.0,29,28,28.0,,2018,,,,,,,29.0
29,,803.0,Northern Ireland,27.0,24,26,25.0,,2018,,,,,,,27.0
30,,782.0,Romania,32.0,36,36,40.0,,2018,,,,,,,32.0
31,,777.0,Republic of Ireland,31.0,31,31,32.0,,2018,,,,,,,31.0
32,,773.0,Paraguay,32.0,30,30,31.0,,2018,,,,,,,32.0
33,,755.0,Venezuela,39.0,48,48,52.0,,2018,,,,,,,39.0
34,,751.0,Serbia,35.0,34,34,37.0,,2018,,,,,,,35.0
35,,733.0,Ukraine,30.0,35,35,35.0,,2018,,,,,,,30.0
36,,718.0,Australia,40.0,37,36,36.0,,2018,,,,,,,40.0
37,,708.0,IR Iran,36.0,33,33,34.0,,2018,,,,,,,36.0
38,,706.0,Congo DR,38.0,39,39,43.0,,2018,,,,,,,38.0
38,,706.0,Turkey,37.0,38,38,41.0,,2018,,,,,,,37.0
40,,693.0,Bosnia and Herzegovina,41.0,41,41,38.0,,2018,,,,,,,41.0
41,,686.0,Morocco,42.0,42,42,39.0,,2018,,,,,,,42.0
42,,660.0,Scotland,34.0,32,31,32.0,,2018,,,,,,,34.0
43,,652.0,Montenegro,43.0,46,44,46.0,,2018,,,,,,,43.0
44,,650.0,Greece,44.0,45,45,47.0,,2018,,,,,,,44.0
45,,649.0,Egypt,46.0,44,43,30.0,,2018,,,,,,,46.0
46,,641.0,Czech Republic,45.0,43,46,48.0,,2018,,,,,,,45.0
47,,624.0,Ghana,51.0,54,54,50.0,,2018,,,,,,,50.0
48,,618.0,Nigeria,47.0,52,52,51.0,,2018,,,,,,,47.0
49,,614.0,Bulgaria,54.0,40,40,42.0,,2018,,,,,,,53.0
49,,614.0,Cameroon,51.0,51,51,45.0,,2018,,,,,,,50.0
1,,1841.3,Brazil,,1,2,,2,2022,,,,1,,1,
2,,1816.71,Belgium,,2,1,,1,2022,,,,2,,2,
3,,1773.88,Argentina,,4,4,,5,2022,,,,3,,3,
4,,1759.78,France,,3,3,,3,2022,,,,4,,4,
5,,1728.47,England,,5,5,,4,2022,,,,5,,5,
6,,1726.14,Italy,,6,6,,6,2022,,,,7,,7,
7,,1715.22,Spain,,7,7,,7,2022,,,,6,,6,
8,,1694.51,Netherlands,,10,10,,10,2022,,,,8,,8,
9,,1676.56,Portugal,,8,8,,8,2022,,,,9,,9,
10,,1666.57,Denmark,,11,9,,9,2022,,,,10,,10,
11,,1650.21,Germany,,12,11,,12,2022,,,,11,,11,
12,,1645.64,Croatia,,16,15,,15,2022,,,,15,,15,
13,,1644.89,Mexico,,9,12,,14,2022,,,,12,,12,
14,,1638.71,Uruguay,,13,16,,17,2022,,,,13,,13,
15,,1635.92,Switzerland,,14,14,,13,2022,,,,16,,16,
16,,1627.48,USA,,15,13,,11,2022,,,,14,,14,
17,,1611.04,Colombia,,17,19,,16,2022,,,,17,,17,
18,,1584.38,Senegal,,20,18,,20,2022,,,,18,,18,
19,,1569.82,Wales,,18,20,,19,2022,,,,19,,19,
20,,1564.61,IR Iran,,21,21,,21,2022,,,,22,,23,
21,,1563.62,Serbia,,25,25,,23,2022,,,,25,,25,
22,,1563.5,Morocco,,24,24,,28,2022,,,,23,,22,
23,,1561.01,Peru,,22,22,,22,2022,,,,21,,21,
24,,1559.54,Japan,,23,23,,26,2022,,,,24,,24,
25,,1553.33,Sweden,,19,17,,18,2022,,,,20,,20,
26,,1548.59,Poland,,26,28,,27,2022,,,,26,,26,
27,,1536.99,Ukraine,,27,27,,25,2022,,,,27,,27,
28,,1530.3,Korea Republic,,29,29,,33,2022,,,,28,,28,
29,,1509.61,Chile,,28,26,,24,2022,,,,29,,29,
30,,1507.54,Tunisia,,35,36,,30,2022,,,,30,,30,
31,,1503.59,Costa Rica,,31,42,,49,2022,,,,34,,34,
32,,1498.47,Nigeria,,30,32,,36,2022,,,,31,,31,
33,,1496.11,Russia,,36,35,,34,2022,,,,35,,35,
34,,1492.95,Austria,,34,30,,31,2022,,,,33,,33,
35,,1492.21,Czechia,,-,-,,-,2022,,,,-,,-,
36,,1492.2,Hungary,,40,41,,39,2022,,,,37,,37,
37,,1489.1,Algeria,,44,43,,29,2022,,,,41,,41,
38,,1488.72,Australia,,42,37,,35,2022,,,,39,,39,
39,,1486.44,Egypt,,32,34,,45,2022,,,,40,,40,
40,,1479.53,Scotland,,39,40,,38,2022,,,,45,,45,
41,,1475.0,Canada,,38,33,,40,2022,,,,43,,43,
42,,1473.04,Norway,,41,45,,41,2022,,,,36,,36,
43,,1471.44,Cameroon,,37,38,,50,2022,,,,38,,38,
44,,1464.39,Ecuador,,46,44,,46,2022,,,,44,,44,
45,,1460.14,Türkiye,,-,-,,-,2022,,,,-,,-,
46,,1448.85,Mali,,52,48,,53,2022,,,,46,,46,
47,,1448.77,Paraguay,,50,50,,43,2022,,,,50,,50,
48,,1443.06,Côte d'Ivoire,,53,51,,56,2022,,,,52,,52,
49,,1440.19,Republic of Ireland,,47,49,,47,2022,,,,47,,47,
50,,1439.89,Qatar,,51,52,,48,2022,,,,48,,49,
