Rank,Team,Total Points,Previous Points,+/-,Match window,Appearances,Matches Played,Wins,Draws,Losses,Goals For,Goals Against,Goal Difference,Points,ID_2010,ID_2014,ID_2018,ID_2022,Formation_2010,Formation_2014,Formation_2018,Formation_2022,Overall_2010,Overall_2014,Overall_2018,Overall_2022,Attack_2010,Attack_2014,Attack_2018,Attack_2022,Midfield_2010,Midfield_2014,Midfield_2018,Midfield_2022,Defence_2010,Defence_2014,Defence_2018,Defence_2022,Speed_2010,Speed_2014,Speed_2018,Speed_2022,Dribbling_2010,Dribbling_2014,Dribbling_2018,Dribbling_2022,Passing_2010,Passing_2014,Passing_2018,Passing_2022,Positioning_2010,Positioning_2014,Positioning_2018,Positioning_2022,Crossing_2010,Crossing_2014,Crossing_2018,Crossing_2022,Passing.1_2010,Passing.1_2014,Passing.1_2018,Passing.1_2022,Shooting_2010,Shooting_2014,Shooting_2018,Shooting_2022,Aggression_2010,Aggression_2014,Aggression_2018,Aggression_2022,Pressure_2010,Pressure_2014,Pressure_2018,Pressure_2022,Defender line_2010,Defender line_2014,Defender line_2018,Defender line_2022,Domestic prestige_2010,Domestic prestige_2014,Domestic prestige_2018,Domestic prestige_2022,International prestige_2010,International prestige_2014,International prestige_2018,International prestige_2022,Players_2010,Players_2014,Players_2018,Players_2022,Starting XI average age_2010,Starting XI average age_2014,Starting XI average age_2018,Starting XI average age_2022,Whole team average age_2010,Whole team average age_2014,Whole team average age_2018,Whole team average age_2022,yc_2010,yc_2014,yc_2018,yc_2022,rc_2010,rc_2014,rc_2018,rc_2022,Points_2010,Points_2014,Points_2018,Points_2022
1,Spain,1880.76,1875.37,5.39,WW,16,67,31,17,19,108,75,33,110,1362,1362,1362,1362,4-4-2 Flat,4-3-3 Attack,4-3-3 Attack,4-3-3 Holding,85,84,85,84,83,86,84,83,83,84,86,85,82,82,85,83,Balanced,Balanced,Slow,Slow,Little,Normal,Normal,Little,Short,Mixed,Short,Short,Free form,Organised,Organised,Organised,Normal,Normal,Little,Little,Risky,Normal,Safe,Safe,Normal,Normal,Little,Little,Press,Press,Press,Contain,Medium,Medium,High,Deep,Cover,Cover,Cover,Cover,20,20,10,10,19,20,9,9,30,23,23,23,26.45,26.09,26.36,25.55,25.17,24.74,25.91,26.48,8,3,2,2,4,9,4,2,8,3,2,2
2,Argentina,1872.43,1870.32,2.11,WW,18,88,47,17,24,152,101,51,158,1369,1369,1369,1369,4-2-2-2,4-1-3-2,4-3-3 Defend,4-3-3 Holding,83,82,82,83,83,85,87,86,81,82,80,81,78,79,80,81,Fast,Slow,Balanced,Slow,Little,Lots,Normal,Little,Short,Mixed,Mixed,Short,Free form,Organised,Organised,Organised,Normal,Normal,Normal,Little,Risky,Normal,Normal,Safe,Lots,Lots,Normal,Little,Contain,Press,Press,Contain,Deep,Medium,High,Deep,Cover,Cover,Cover,Cover,20,20,10,10,18,18,9,9,30,23,23,23,27.18,27.09,28,27.82,26.33,27.13,27.04,27.35,7,8,11,17,7,6,1,1,7,8,11,17
3,France,1862.71,1870.92,-8.21,DW,16,73,39,14,20,136,85,51,131,1335,1335,1335,1335,4-2-3-1 Narrow,4-3-3 Holding,4-2-3-1 Wide,03-05-2002,83,81,84,85,82,82,82,85,82,80,85,86,82,80,82,83,Fast,Balanced,Balanced,Slow,Little,Normal,Normal,Little,Mixed,Mixed,Short,Short,Organised,Organised,Organised,Organised,Normal,Normal,Normal,Little,Risky,Normal,Safe,Safe,Little,Normal,Normal,Little,Press,Press,Press,Contain,Medium,Medium,Medium,Deep,Cover,Cover,Cover,Cover,20,20,10,10,19,18,9,10,30,23,23,23,26.55,25.09,24.36,27.36,26.17,24.91,24.57,25.96,6,5,12,8,1,0,0,0,9,5,12,8
4,England,1824.3,1820.44,3.86,WW,16,74,32,22,20,104,68,36,118,1318,1318,1318,1318,4-2-3-1 Narrow,4-4-2 Flat,5-2-1-2,4-3-3 Attack,83,80,82,83,81,85,84,85,84,79,81,83,82,78,81,82,Fast,Balanced,Balanced,Slow,Little,Normal,Normal,Little,Long,Mixed,Mixed,Short,Organised,Organised,Organised,Organised,Lots,Lots,Normal,Little,Normal,Normal,Normal,Safe,Lots,Normal,Normal,Little,Double,Press,Press,Contain,Medium,Medium,Medium,Deep,Cover,Cover,Cover,Cover,20,20,10,10,17,17,8,8,30,23,23,23,27.55,22.91,25,26.09,26.93,23.91,24.65,24.43,6,4,8,1,3,3,7,4,6,4,8,1
5,Portugal,1778,1779.55,-1.55,DW,8,35,17,6,12,61,41,20,57,1354,1354,1354,1354,4-3-3 Flat,4-3-3 Holding,4-1-3-2,4-3-3 Holding,82,80,82,84,77,82,85,85,81,79,82,83,79,80,80,85,Fast,Balanced,Balanced,Slow,Little,Normal,Lots,Little,Short,Short,Mixed,Short,Free form,Organised,Organised,Organised,Lots,Normal,Normal,Little,Risky,Safe,Normal,Safe,Lots,Normal,Normal,Little,Press,Press,Press,Contain,Medium,Medium,Medium,Deep,Offside trap,Cover,Cover,Cover,20,20,10,10,16,16,8,8,30,23,23,23,27.82,27.45,27.09,29.09,27.1,25.48,26.91,27.35,8,2,7,6,1,1,0,0,11,5,7,6
6,Netherlands,1759.96,1754.17,5.79,WW,11,55,30,14,11,96,52,44,104,105035,105035,105035,105035,4-2-3-1 Narrow,05-03-2002,05-03-2002,5-2-1-2,80,79,80,82,81,84,79,82,80,76,80,81,76,75,80,83,Balanced,Balanced,Balanced,Slow,Little,Normal,Normal,Little,Mixed,Mixed,Mixed,Short,Organised,Organised,Organised,Organised,Lots,Normal,Normal,Little,Risky,Normal,Normal,Safe,Normal,Normal,Normal,Little,Press,Press,Press,Contain,Medium,Medium,Medium,Deep,Cover,Cover,Cover,Cover,20,20,10,10,17,17,8,8,25,23,23,23,26.82,25.18,23.82,26,26.4,25.13,24.65,25.7,22,11,11,11,1,0,0,1,25,11,12,14
7,Brazil,1758.85,1761.6,-2.75,LW,22,114,76,19,19,237,108,129,247,1370,1370,1370,1370,4-1-2-1-2 Wide,4-3-3 False 9,4-3-3 Holding,4-3-3 Holding,84,83,85,80,83,83,86,80,81,81,83,80,82,83,85,80,Fast,Balanced,Balanced,Slow,Little,Lots,Lots,Little,Short,Mixed,Mixed,Short,Free form,Organised,Organised,Organised,Normal,Normal,Little,Little,Risky,Normal,Normal,Safe,Lots,Normal,Lots,Little,Press,Press,Double,Contain,High,Medium,High,Deep,Cover,Cover,Cover,Cover,20,20,10,10,20,20,10,10,30,23,23,23,28.09,25.91,26.73,26.45,26.1,24.83,27.09,25.87,7,14,7,6,2,0,0,0,13,14,7,6
8,Belgium,1740.01,1739.54,0.47,WD,14,51,21,10,20,69,74,-5,73,1325,1325,1325,1325,4-3-3 Flat,4-1-4-1,3-4-2-1,3-4-2-1,76,81,84,83,73,75,86,83,75,81,83,82,74,79,85,80,Balanced,Slow,Balanced,Slow,Little,Normal,Normal,Little,Long,Mixed,Mixed,Short,Organised,Organised,Organised,Organised,Normal,Normal,Normal,Little,Normal,Normal,Normal,Safe,Normal,Little,Normal,Little,Double,Press,Press,Contain,Medium,Medium,High,Deep,Cover,Cover,Cover,Cover,20,20,10,10,10,10,7,8,30,23,23,23,22.55,23.82,26.91,29.18,24.33,24.78,26.22,28.87,7,7,11,5,1,1,0,0,10,10,11,5
9,Italy,1717.15,1710.06,7.09,WW,18,83,45,21,17,128,77,51,156,1343,1343,1343,1343,4-4-2 Flat,3-1-4-2,3-1-4-2,4-3-3 Flat,83,80,83,83,83,79,85,84,81,78,81,84,80,78,85,82,Fast,Balanced,Fast,Slow,Little,Normal,Normal,Little,Short,Mixed,Long,Short,Organised,Organised,Organised,Organised,Normal,Lots,Lots,Little,Normal,Normal,Normal,Safe,Normal,Normal,Lots,Little,Contain,Press,Contain,Contain,Deep,Deep,Deep,Deep,Offside trap,Cover,Cover,Cover,20,20,10,10,19,19,9,9,30,23,23,23,28.91,25.82,26.55,27.18,27.17,25.65,25.65,27.13,5,3,3,3,0,1,1,1,5,6,6,6
10,Germany,1713.3,1704.27,9.03,WW,20,112,68,21,23,232,130,102,225,1337,1337,1337,1337,4-2-3-1 Narrow,4-3-3 Attack,4-2-3-1 Wide,4-2-3-1 Wide,82,83,85,85,81,82,84,83,79,84,85,85,79,78,85,81,Fast,Fast,Slow,Slow,Little,Little,Normal,Little,Mixed,Mixed,Mixed,Short,Organised,Organised,Organised,Organised,Normal,Normal,Normal,Little,Normal,Normal,Safe,Safe,Lots,Normal,Little,Little,Press,Press,Press,Contain,Medium,Medium,Medium,Deep,Cover,Cover,Cover,Cover,20,20,10,10,19,19,10,10,30,23,23,23,25.55,23.91,26.55,25.64,24.8,23.91,24.96,25.78,11,6,2,3,1,0,1,0,14,6,5,3
11,Croatia,1710.15,1714.2,-4.05,WD,6,30,13,8,9,43,33,10,47,1328,1362,1363,1356,4-1-2-1-2 Wide,4-2-3-1 Wide,4-2-3-1 Wide,4-3-3 Holding,78,75,77,77,77,76,79,79,74,74,77,78,73,74,76,77,Fast,Balanced,Balanced,Slow,Little,Normal,Normal,Little,Mixed,Mixed,Mixed,Short,Organised,Organised,Organised,Organised,Little,Normal,Normal,Little,Risky,Normal,Normal,Safe,Normal,Normal,Normal,Little,Press,Press,Press,Contain,Medium,Medium,Medium,Deep,Offside trap,Cover,Cover,Cover,20,20,10,10,13,12,6,6,30,23,23,23,26.82,25.91,26.55,26.45,26.37,25.17,26.04,26.26,4,4,15,8,1,1,0,0,7,7,15,8
12,Morocco,1710.11,1706.27,3.84,WW,6,23,5,7,11,20,27,-7,22,1358,1362,1363,1356,4-4-2 Flat,4-2-3-1 Wide,4-2-3-1 Wide,4-3-3 Holding,76.5,75,77,77,75,76,79,79,74,74,77,78,74,74,76,77,Fast,Balanced,Balanced,Slow,Little,Normal,Normal,Little,Mixed,Mixed,Mixed,Short,Organised,Organised,Organised,Organised,Normal,Normal,Normal,Little,Normal,Normal,Normal,Safe,Lots,Normal,Normal,Little,Press,Press,Press,Contain,Medium,Medium,Medium,Deep,Cover,Cover,Cover,Cover,20,20,10,10,12.5,12,6,6,30,23,23,23,26.865,25.91,26.55,26.45,26.35,25.17,26.04,26.26,8,8,8,8,0,0,0,1,8,8,8,11
13,Colombia,1695.72,1692.1,3.62,DW,6,22,9,3,10,32,30,2,30,1358,111109,111109,1356,4-4-2 Flat,4-4-2 Flat,4-2-2-2,4-3-3 Holding,76.5,77,79,77,75,77,81,79,74,78,77,78,74,75,78,77,Fast,Balanced,Fast,Slow,Little,Lots,Normal,Little,Mixed,Mixed,Mixed,Short,Organised,Organised,Organised,Organised,Normal,Normal,Normal,Little,Normal,Normal,Risky,Safe,Lots,Normal,Lots,Little,Press,Press,Press,Contain,Medium,Medium,Medium,Deep,Cover,Cover,Cover,Cover,20,20,10,10,12.5,6,7,6,30,23,23,23,26.865,26.73,26.64,26.45,26.35,26.17,26.48,26.26,5,5,9,9,0,0,1,1,5,5,12,12
14,Mexico,1682.52,1688.38,-5.86,DL,17,60,17,15,28,62,101,-39,66,1386,1386,1386,1386,4-2-3-1 Narrow,05-03-2002,4-4-1-1 Midfield,4-3-3 Holding,77,74,78,77,73,78,79,79,74,73,79,78,74,72,75,74,Balanced,Balanced,Balanced,Slow,Little,Normal,Normal,Little,Mixed,Mixed,Mixed,Short,Organised,Organised,Organised,Organised,Normal,Normal,Normal,Little,Normal,Risky,Normal,Safe,Normal,Normal,Lots,Little,Press,Press,Press,Contain,Medium,Medium,High,Deep,Cover,Cover,Cover,Cover,20,20,10,10,15,15,7,7,30,23,23,23,27.09,25.82,26.18,26.09,26.2,25.43,26.91,26.83,9,8,9,7,10,10,5,7,9,8,9,7
15,Uruguay,1677.57,1673.65,3.92,WW,14,59,25,13,21,89,76,13,88,1377,1377,1377,1356,03-05-2002,4-4-2 Holding,4-4-2 Flat,4-3-3 Holding,78,76,81,77,76,82,86,79,70,75,76,78,74,76,79,77,Fast,Fast,Balanced,Slow,Little,Normal,Normal,Little,Mixed,Mixed,Mixed,Short,Free form,Organised,Organised,Organised,Lots,Little,Normal,Little,Normal,Normal,Risky,Safe,Lots,Lots,Normal,Little,Press,Press,Double,Contain,Deep,Deep,Medium,Deep,Cover,Cover,Cover,Cover,20,20,10,10,11,12,7,6,30,23,23,23,24.45,28.09,26.27,26.45,25.73,27.22,26.61,26.26,9,8,3,8,2,1,0,0,15,11,3,8
16,Usa,1673.49,1670.04,3.45,WD,11,37,9,8,20,40,66,-26,35,1387,1362,1363,1356,4-4-2 Flat,4-2-3-1 Wide,4-2-3-1 Wide,4-3-3 Holding,74,75,77,77,72,76,79,79,71,74,77,78,70,74,76,77,Fast,Balanced,Balanced,Slow,Little,Normal,Normal,Little,Mixed,Mixed,Mixed,Short,Free form,Organised,Organised,Organised,Normal,Normal,Normal,Little,Safe,Normal,Normal,Safe,Normal,Normal,Normal,Little,Press,Press,Press,Contain,High,Medium,Medium,Deep,Cover,Cover,Cover,Cover,20,20,10,10,12,12,6,6,30,23,23,23,25.82,25.91,26.55,26.45,25.4,25.17,26.04,26.26,5,9,2,5,9,4,6,10,3,6,9,6
17,Switzerland,1653.32,1648.3,5.02,DW,12,41,14,8,19,55,73,-18,50,1364,1364,1364,1356,4-4-2 Flat,4-2-3-1 Narrow,4-2-3-1 Narrow,4-3-3 Holding,76,76,78,77,74,74,74,79,74,76,77,78,73,77,78,77,Balanced,Balanced,Balanced,Slow,Little,Normal,Normal,Little,Mixed,Mixed,Mixed,Short,Organised,Organised,Organised,Organised,Normal,Normal,Normal,Little,Risky,Normal,Normal,Safe,Lots,Normal,Normal,Little,Press,Press,Press,Contain,Medium,Medium,Medium,Deep,Cover,Cover,Cover,Cover,20,20,10,10,11,11,5,6,30,23,23,23,26.55,23.64,26.64,26.45,25.7,24.17,25.7,26.26,8,3,9,9,1,0,1,0,11,3,12,9
18,Senegal,1650.61,1645.23,5.38,WW,3,12,5,3,4,16,17,-1,18,1358,1362,1363,1356,4-4-2 Flat,4-2-3-1 Wide,4-2-3-1 Wide,4-3-3 Holding,76.5,75,77,77,75,76,79,79,74,74,77,78,74,74,76,77,Fast,Balanced,Balanced,Slow,Little,Normal,Normal,Little,Mixed,Mixed,Mixed,Short,Organised,Organised,Organised,Organised,Normal,Normal,Normal,Little,Normal,Normal,Normal,Safe,Lots,Normal,Normal,Little,Press,Press,Press,Contain,Medium,Medium,Medium,Deep,Cover,Cover,Cover,Cover,20,20,10,10,12.5,12,6,6,30,23,23,23,26.865,25.91,26.55,26.45,26.35,25.17,26.04,26.26,6,6,6,7,8,10,9,4,6,6,6,7
19,Japan,1645.34,1640.47,4.87,WD,7,25,7,6,12,25,33,-8,27,1358,1362,1363,1356,4-4-2 Flat,4-2-3-1 Wide,4-2-3-1 Wide,4-3-3 Holding,76.5,75,77,77,75,76,79,79,74,74,77,78,74,74,76,77,Fast,Balanced,Balanced,Slow,Little,Normal,Normal,Little,Mixed,Mixed,Mixed,Short,Organised,Organised,Organised,Organised,Normal,Normal,Normal,Little,Normal,Normal,Normal,Safe,Lots,Normal,Normal,Little,Press,Press,Press,Contain,Medium,Medium,Medium,Deep,Cover,Cover,Cover,Cover,20,20,10,10,12.5,12,6,6,30,23,23,23,26.865,25.91,26.55,26.45,26.35,25.17,26.04,26.26,7,4,5,6,3,4,4,7,7,4,5,6
20,Denmark,1641.02,1627.64,13.38,WW,6,23,9,6,8,31,29,2,33,1331,1331,1331,1331,4-4-1-1 Attack,4-2-3-1 Wide,4-3-3 Attack,4-2-3-1 Wide,75,74,77,78,72,75,76,77,72,74,79,79,74,74,75,78,Balanced,Balanced,Balanced,Slow,Little,Normal,Normal,Little,Mixed,Mixed,Mixed,Short,Organised,Organised,Organised,Organised,Normal,Normal,Normal,Little,Normal,Normal,Risky,Safe,Normal,Normal,Normal,Little,Press,Press,Press,Contain,Medium,Medium,Medium,Deep,Cover,Cover,Cover,Cover,20,20,10,10,12,12,5,6,30,23,23,23,27.64,24.09,26.45,27.09,27,25,25.74,26.52,6,6,6,5,4,5,3,9,6,6,6,5
21,Iran,1618.28,1622.61,-4.33,WL,6,18,3,4,11,13,31,-18,13,1358,1362,1363,1356,4-4-2 Flat,4-2-3-1 Wide,4-2-3-1 Wide,4-3-3 Holding,76.5,75,77,77,75,76,79,79,74,74,77,78,74,74,76,77,Fast,Balanced,Balanced,Slow,Little,Normal,Normal,Little,Mixed,Mixed,Mixed,Short,Organised,Organised,Organised,Organised,Normal,Normal,Normal,Little,Normal,Normal,Normal,Safe,Lots,Normal,Normal,Little,Press,Press,Press,Contain,Medium,Medium,Medium,Deep,Cover,Cover,Cover,Cover,20,20,10,10,12.5,12,6,6,30,23,23,23,26.865,25.91,26.55,26.45,26.35,25.17,26.04,26.26,4,4,7,7,1,6,8,7,4,4,7,7
22,Korea Republic,1593.92,1593.19,0.73,WL,11,38,7,10,21,39,78,-39,31,974,974,1363,1356,4-1-2-1-2 Wide,4-2-3-1 Wide,4-2-3-1 Wide,4-3-3 Holding,70,72,77,77,67,75,79,79,69,71,77,78,65,69,76,77,Fast,Balanced,Balanced,Slow,Little,Normal,Normal,Little,Mixed,Mixed,Mixed,Short,Organised,Organised,Organised,Organised,Normal,Normal,Normal,Little,Normal,Risky,Normal,Safe,Lots,Normal,Normal,Little,Press,Press,Press,Contain,Medium,Medium,Medium,Deep,Cover,Cover,Cover,Cover,20,20,10,10,10,12,6,6,30,23,23,23,26.55,24.27,26.55,26.45,25.57,25.04,26.04,26.26,6,5,4,7,5,9,10,6,10,6,8,10
23,Ecuador,1589.72,1588.04,1.68,DD,4,13,5,2,6,14,14,0,17,111465,111465,111465,1356,4-4-1-1 Attack,4-4-1-1 Midfield,4-4-2 Flat,4-3-3 Holding,72,72,72,77,67,73,70,79,69,73,71,78,65,67,73,77,Fast,Balanced,Balanced,Slow,Little,Lots,Lots,Little,Mixed,Mixed,Mixed,Short,Organised,Organised,Organised,Organised,Normal,Normal,Lots,Little,Normal,Normal,Safe,Safe,Lots,Normal,Lots,Little,Press,Press,Press,Contain,Medium,Medium,Medium,Deep,Cover,Cover,Cover,Cover,20,20,10,10,9,7,5,6,30,23,23,23,28.18,26,26.82,26.45,27.83,26.3,25.91,26.26,5,5,4,3,1,1,0,0,8,8,5,3
24,Austria,1586.98,1601.86,-14.88,LW,7,29,12,4,13,43,47,-4,40,1322,1322,1322,1322,4-4-2 Flat,4-2-3-1 Wide,4-2-3-1 Wide,4-2-3-1 Narrow,73,73,77,77,71,72,80,79,67,74,77,78,70,71,75,77,Fast,Balanced,Balanced,Slow,Little,Lots,Little,Little,Long,Mixed,Mixed,Short,Organised,Organised,Organised,Organised,Normal,Normal,Normal,Little,Normal,Normal,Normal,Safe,Normal,Normal,Normal,Little,Double,Press,Double,Contain,Medium,Medium,Medium,Deep,Cover,Cover,Cover,Cover,20,20,10,10,10,10,4,4,30,23,23,23,23.45,25,25.91,26.55,23.97,24.61,24.74,26.61,7,1,2,4,5,10,2,1,5,10,9,8
25,Australia,1584.02,1583.49,0.53,LW,6,20,4,4,12,17,37,-20,16,1415,1415,1415,1415,4-2-3-1 Narrow,4-2-3-1 Wide,4-2-3-1 Wide,4-2-3-1 Narrow,75,69,73,70,71,72,69,75,71,70,73,69,68,65,71,70,Fast,Balanced,Balanced,Slow,Little,Normal,Little,Little,Long,Mixed,Mixed,Short,Organised,Organised,Organised,Organised,Normal,Lots,Normal,Little,Risky,Safe,Normal,Safe,Lots,Little,Normal,Little,Double,Press,Double,Contain,Medium,Medium,Medium,Deep,Cover,Cover,Cover,Cover,20,20,10,10,11,11,5,5,30,23,23,23,30.36,25.91,25.45,27.27,27.5,24.91,26.26,27.48,7,6,7,7,2,0,0,0,13,6,7,7
26,Tã¼Rkiye,1570.18,1555.72,14.46,WW,2,10,5,1,4,20,17,3,16,1365,1365,1365,1356,4-4-2 Flat,4-4-2 Flat,4-2-3-1 Wide,4-3-3 Holding,78,78,76,77,77,76,78,79,77,79,77,78,74,76,74,77,Fast,Balanced,Balanced,Slow,Little,Normal,Normal,Little,Mixed,Mixed,Mixed,Short,Organised,Organised,Organised,Organised,Lots,Normal,Normal,Little,Risky,Normal,Safe,Safe,Lots,Normal,Normal,Little,Double,Press,Press,Contain,Medium,Medium,Medium,Deep,Cover,Cover,Cover,Cover,20,20,10,10,14,14,6,6,30,23,23,23,26.91,25.27,24.91,26.45,25.47,25.83,24.65,26.26,6,3,7,8,5,6,7,9,5,4,6,9
27,Ukraine,1555.36,1543.06,12.3,WW,1,5,2,1,2,5,7,-2,7,1366,1362,1363,1366,4-4-2 Flat,4-2-3-1 Wide,4-2-3-1 Wide,4-1-4-1,76,75,77,76,73,76,79,76,72,74,77,77,70,74,76,74,Balanced,Balanced,Balanced,Slow,Little,Normal,Normal,Little,Long,Mixed,Mixed,Short,Organised,Organised,Organised,Organised,Lots,Normal,Normal,Little,Normal,Normal,Normal,Safe,Lots,Normal,Normal,Little,Double,Press,Press,Contain,Medium,Medium,Medium,Deep,Cover,Cover,Cover,Cover,20,20,10,10,14,12,6,6,30,23,23,23,25.82,25.91,26.55,25.64,26,25.17,26.04,26.35,4,9,4,7,9,6,3,8,8,10,9,10
28,Canada,1554.63,1558.04,-3.41,DL,2,6,0,0,6,2,12,-10,0,1358,1362,111455,111455,4-4-2 Flat,4-2-3-1 Wide,4-1-4-1,4-3-3 Defend,76.5,75,69,73,75,76,73,75,74,74,72,73,74,74,66,70,Fast,Balanced,Fast,Slow,Little,Normal,Normal,Little,Mixed,Mixed,Long,Short,Organised,Organised,Organised,Organised,Normal,Normal,Lots,Little,Normal,Normal,Normal,Safe,Lots,Normal,Lots,Little,Press,Press,Contain,Contain,Medium,Medium,Deep,Deep,Cover,Cover,Cover,Cover,20,20,10,10,12.5,12,2,2,30,23,23,23,26.865,25.91,24.91,27.18,26.35,25.17,26.26,26.26,8,8,8,8,9,3,9,5,8,8,8,8
29,Norway,1532.14,1526.23,5.91,DW,3,8,2,3,3,7,8,-1,9,1352,1352,1352,1352,4-4-2 Flat,4-4-2 Flat,4-4-2 Flat,4-1-4-1,75,72,74,76,75,71,74,81,73,73,74,76,72,70,73,73,Fast,Fast,Fast,Slow,Little,Normal,Normal,Little,Long,Mixed,Long,Short,Organised,Organised,Organised,Organised,Lots,Normal,Normal,Little,Normal,Risky,Risky,Safe,Lots,Normal,Normal,Little,Double,Press,Press,Contain,High,Deep,Medium,Deep,Offside trap,Cover,Cover,Cover,20,20,10,10,10,9,4,4,30,23,23,23,26.64,24.91,24.73,23.82,27.33,24.22,24.57,25.04,8,3,4,9,3,5,5,8,1,6,5,7
30,Russia,1530.95,1521.74,9.21,WW,11,45,19,10,16,77,54,23,67,1357,1357,1357,1356,4-5-1 Attack,4-2-3-1 Wide,05-03-2002,4-3-3 Holding,80,77,78,77,79,76,80,79,77,75,78,78,76,75,76,77,Fast,Balanced,Balanced,Slow,Little,Normal,Lots,Little,Mixed,Mixed,Mixed,Short,Free form,Organised,Organised,Organised,Normal,Lots,Normal,Little,Risky,Risky,Normal,Safe,Lots,Normal,Normal,Little,Press,Press,Press,Contain,Medium,Medium,Medium,Deep,Cover,Cover,Cover,Cover,20,20,10,10,13,12,6,6,29,23,23,23,27.09,27.36,28.09,26.45,26.17,26.09,27.35,26.26,4,4,6,6,0,0,1,1,4,4,9,9
31,Panama,1528.21,1529.71,-1.5,DW,1,3,0,0,3,2,11,-9,0,1358,1362,1363,1356,4-4-2 Flat,4-2-3-1 Wide,4-2-3-1 Wide,4-3-3 Holding,76.5,75,77,77,75,76,79,79,74,74,77,78,74,74,76,77,Fast,Balanced,Balanced,Slow,Little,Normal,Normal,Little,Mixed,Mixed,Mixed,Short,Organised,Organised,Organised,Organised,Normal,Normal,Normal,Little,Normal,Normal,Normal,Safe,Lots,Normal,Normal,Little,Press,Press,Press,Contain,Medium,Medium,Medium,Deep,Cover,Cover,Cover,Cover,20,20,10,10,12.5,12,6,6,30,23,23,23,26.865,25.91,26.55,26.45,26.35,25.17,26.04,26.26,11,11,11,11,10,1,3,3,11,11,11,11
32,Egypt,1525.31,1519.18,6.13,WW,3,7,0,2,5,5,12,-7,2,1358,111130,111130,1356,4-4-2 Flat,4-2-3-1 Wide,4-2-3-1 Wide,4-3-3 Holding,76.5,69,72,77,75,70,68,79,74,67,75,78,74,64,71,77,Fast,Balanced,Balanced,Slow,Little,Normal,Normal,Little,Mixed,Mixed,Mixed,Short,Organised,Organised,Organised,Organised,Normal,Normal,Normal,Little,Normal,Normal,Normal,Safe,Lots,Normal,Little,Little,Press,Press,Press,Contain,Medium,Medium,Medium,Deep,Cover,Cover,Cover,Cover,20,20,10,10,12.5,10,5,6,30,23,23,23,26.865,25.18,26.18,26.45,26.35,27.17,26.74,26.26,5,5,5,5,10,9,10,9,5,5,5,5
33,Poland,1523.84,1517.3,6.54,WW,9,38,17,6,15,49,50,-1,57,1353,1353,1353,1353,4-4-2 Flat,4-2-3-1 Wide,5-2-1-2,4-3-2-1,72,75,77,77,69,77,82,81,68,73,76,74,67,74,75,75,Fast,Balanced,Balanced,Slow,Little,Normal,Normal,Little,Mixed,Mixed,Mixed,Short,Organised,Organised,Free form,Organised,Normal,Normal,Normal,Little,Normal,Normal,Normal,Safe,Normal,Normal,Normal,Little,Double,Press,Contain,Contain,Medium,Medium,Medium,Deep,Cover,Cover,Cover,Cover,20,20,10,10,11,11,5,5,29,23,23,23,27.36,26.18,27,26.73,26.97,24.96,26.52,26.65,3,3,3,7,7,6,9,3,3,3,3,7
34,Wales,1518.81,1529.09,-10.28,LL,2,8,1,4,3,5,10,-5,7,1358,1367,1367,1367,4-4-2 Flat,4-2-3-1 Wide,3-4-2-1,4-2-3-1 Wide,76.5,73,74,74,75,70,82,74,74,74,71,74,74,72,77,72,Fast,Balanced,Fast,Slow,Little,Little,Normal,Little,Mixed,Mixed,Long,Short,Organised,Organised,Organised,Organised,Normal,Normal,Normal,Little,Normal,Normal,Normal,Safe,Lots,Normal,Lots,Little,Press,Press,Press,Contain,Medium,Medium,Medium,Deep,Cover,Cover,Cover,Cover,20,20,10,10,12.5,8,4,4,30,23,23,23,26.865,24.64,27.82,27.27,26.35,25.13,25.78,25.78,5,5,5,5,1,1,1,1,8,8,8,8
35,Algeria,1510.26,1500.74,9.52,WW,4,13,3,3,7,13,19,-6,12,1358,1362,1363,1356,4-4-2 Flat,4-2-3-1 Wide,4-2-3-1 Wide,4-3-3 Holding,76.5,75,77,77,75,76,79,79,74,74,77,78,74,74,76,77,Fast,Balanced,Balanced,Slow,Little,Normal,Normal,Little,Mixed,Mixed,Mixed,Short,Organised,Organised,Organised,Organised,Normal,Normal,Normal,Little,Normal,Normal,Normal,Safe,Lots,Normal,Normal,Little,Press,Press,Press,Contain,Medium,Medium,Medium,Deep,Cover,Cover,Cover,Cover,20,20,10,10,12.5,12,6,6,30,23,23,23,26.865,25.91,26.55,26.45,26.35,25.17,26.04,26.26,4,6,6,6,2,0,0,0,10,6,6,6
36,Serbia,1507.84,1520.9,-13.06,WL,13,49,18,9,22,71,71,0,63,1358,1362,1363,1356,4-4-2 Flat,4-2-3-1 Wide,4-2-3-1 Wide,4-3-3 Holding,76.5,75,77,77,75,76,79,79,74,74,77,78,74,74,76,77,Fast,Balanced,Balanced,Slow,Little,Normal,Normal,Little,Mixed,Mixed,Mixed,Short,Organised,Organised,Organised,Organised,Normal,Normal,Normal,Little,Normal,Normal,Normal,Safe,Lots,Normal,Normal,Little,Press,Press,Press,Contain,Medium,Medium,Medium,Deep,Cover,Cover,Cover,Cover,20,20,10,10,12.5,12,6,6,30,23,23,23,26.865,25.91,26.55,26.45,26.35,25.17,26.04,26.26,8,9,10,12,1,0,0,0,11,11,11,12
37,Hungary,1504.92,1492.18,12.74,DW,9,32,15,3,14,87,57,30,48,1886,1886,1886,1886,4-2-3-1 Narrow,3-4-2-1,3-4-3 Flat,05-02-2003,72,69,71,73,69,69,73,74,72,67,69,69,66,67,71,73,Fast,Balanced,Fast,Slow,Little,Normal,Normal,Little,Long,Mixed,Mixed,Short,Organised,Organised,Organised,Organised,Normal,Lots,Normal,Little,Normal,Normal,Normal,Safe,Lots,Normal,Lots,Little,Double,Press,Press,Contain,Medium,Medium,Medium,Deep,Cover,Cover,Cover,Cover,20,20,10,10,7,7,4,4,29,23,23,23,26.73,26.09,27,26.27,27.38,24.61,26.57,26.04,1,10,2,3,3,3,6,10,1,4,2,1
38,Scotland,1504.2,1485.08,19.12,WW,8,23,4,7,12,25,41,-16,19,1359,1359,1359,1359,4-4-1-1 Attack,4-2-3-1 Wide,4-2-3-1 Wide,5-2-1-2,75,73,74,76,73,75,75,73,73,74,74,76,72,68,74,77,Fast,Balanced,Balanced,Slow,Little,Normal,Normal,Little,Long,Mixed,Mixed,Short,Organised,Organised,Organised,Organised,Lots,Normal,Normal,Little,Normal,Normal,Normal,Safe,Lots,Normal,Normal,Little,Double,Press,Press,Contain,Medium,Medium,Medium,Deep,Cover,Cover,Cover,Cover,20,20,10,10,11,9,4,4,30,23,23,23,26.82,26,26.18,25.82,26.6,26.83,25.83,26.17,5,9,4,2,10,5,2,1,6,2,5,4
39,Paraguay,1498.15,1501.01,-2.86,LD,8,27,7,10,10,30,38,-8,31,1375,1375,1375,1356,05-03-2002,4-2-3-1 Wide,4-2-3-1 Wide,4-3-3 Holding,75,74,75,77,75,78,75,79,70,73,75,78,73,70,72,77,Balanced,Slow,Balanced,Slow,Little,Lots,Normal,Little,Mixed,Mixed,Mixed,Short,Organised,Organised,Organised,Organised,Normal,Little,Normal,Little,Normal,Safe,Normal,Safe,Lots,Normal,Normal,Little,Press,Press,Press,Contain,Medium,Deep,Medium,Deep,Cover,Cover,Cover,Cover,20,20,10,10,8,8,4,6,30,23,23,23,28.09,30.73,27.73,26.45,27.5,29.61,28.09,26.26,9,9,9,9,10,10,8,1,9,9,9,9
40,Sweden,1496.99,1524.62,-27.63,LL,12,51,19,13,19,80,73,7,70,1363,1363,1363,1363,4-2-3-1 Narrow,4-3-3 Holding,4-4-2 Flat,4-3-3 Attack,77,75,75,76,78,77,76,78,73,74,75,75,74,74,75,76,Balanced,Balanced,Balanced,Slow,Little,Normal,Normal,Little,Mixed,Short,Mixed,Short,Organised,Organised,Organised,Organised,Lots,Normal,Normal,Little,Risky,Safe,Normal,Safe,Lots,Lots,Normal,Little,Double,Press,Press,Contain,Medium,Medium,Medium,Deep,Cover,Cover,Cover,Cover,20,20,10,10,11,11,5,5,30,23,23,23,26.27,27.64,27.91,25.45,25.67,26.7,26.43,26.87,8,8,8,8,7,7,1,1,8,8,8,8
41,Nigeria,1495.46,1483.86,11.6,WW,6,21,6,3,12,23,30,-7,21,1358,1362,1363,1356,4-4-2 Flat,4-2-3-1 Wide,4-2-3-1 Wide,4-3-3 Holding,76.5,75,77,77,75,76,79,79,74,74,77,78,74,74,76,77,Fast,Balanced,Balanced,Slow,Little,Normal,Normal,Little,Mixed,Mixed,Mixed,Short,Organised,Organised,Organised,Organised,Normal,Normal,Normal,Little,Normal,Normal,Normal,Safe,Lots,Normal,Normal,Little,Press,Press,Press,Contain,Medium,Medium,Medium,Deep,Cover,Cover,Cover,Cover,20,20,10,10,12.5,12,6,6,30,23,23,23,26.865,25.91,26.55,26.45,26.35,25.17,26.04,26.26,5,3,4,4,1,0,0,0,8,3,4,4
42,Cã´Te D'Ivoire,1491.78,1483.9,7.88,WW,3,9,2,4,3,11,16,-5,10,1358,111112,111112,1356,4-4-2 Flat,4-3-3 Attack,4-3-3 Defend,4-3-3 Holding,76.5,76,77,77,75,77,76,79,74,74,78,78,74,74,77,77,Fast,Balanced,Fast,Slow,Little,Normal,Normal,Little,Mixed,Mixed,Long,Short,Organised,Organised,Organised,Organised,Normal,Lots,Normal,Little,Normal,Normal,Risky,Safe,Lots,Normal,Lots,Little,Press,Press,Double,Contain,Medium,Medium,Medium,Deep,Cover,Cover,Cover,Cover,20,20,10,10,12.5,11,6,6,30,23,23,23,26.865,27.55,24.73,26.45,26.35,25.96,25.35,26.26,7,8,2,3,5,9,2,5,7,9,9,4
43,Tunisia,1490.8,1483.02,7.78,WW,6,18,3,5,10,14,26,-12,14,1358,1362,1363,1356,4-4-2 Flat,4-2-3-1 Wide,4-2-3-1 Wide,4-3-3 Holding,76.5,75,77,77,75,76,79,79,74,74,77,78,74,74,76,77,Fast,Balanced,Balanced,Slow,Little,Normal,Normal,Little,Mixed,Mixed,Mixed,Short,Organised,Organised,Organised,Organised,Normal,Normal,Normal,Little,Normal,Normal,Normal,Safe,Lots,Normal,Normal,Little,Press,Press,Press,Contain,Medium,Medium,Medium,Deep,Cover,Cover,Cover,Cover,20,20,10,10,12.5,12,6,6,30,23,23,23,26.865,25.91,26.55,26.45,26.35,25.17,26.04,26.26,4,4,4,5,1,1,5,7,4,4,4,5
44,Czechia,1484.68,1500.29,-15.61,LD,9,33,12,5,16,47,49,-2,41,1330,1330,1330,1330,4-1-2-1-2 Wide,4-2-3-1 Wide,4-4-2 Flat,3-4-2-1,78,75,75,77,73,73,75,79,74,74,74,76,74,73,73,76,Balanced,Balanced,Fast,Slow,Little,Normal,Normal,Little,Long,Mixed,Long,Short,Organised,Organised,Organised,Organised,Normal,Normal,Normal,Little,Normal,Normal,Risky,Safe,Lots,Normal,Normal,Little,Double,Press,Double,Contain,High,Medium,High,Deep,Cover,Cover,Cover,Cover,20,20,10,10,15,14,5,5,30,23,23,23,26.91,26.36,25.09,25.18,27.73,27,24.83,25.78,10,3,4,6,8,6,6,5,7,4,5,6
45,Costa Rica,1483.74,1481.13,2.61,WD,6,21,6,5,10,22,39,-17,23,1358,1362,1363,1356,4-4-2 Flat,4-2-3-1 Wide,4-2-3-1 Wide,4-3-3 Holding,76.5,75,77,77,75,76,79,79,74,74,77,78,74,74,76,77,Fast,Balanced,Balanced,Slow,Little,Normal,Normal,Little,Mixed,Mixed,Mixed,Short,Organised,Organised,Organised,Organised,Normal,Normal,Normal,Little,Normal,Normal,Normal,Safe,Lots,Normal,Normal,Little,Press,Press,Press,Contain,Medium,Medium,Medium,Deep,Cover,Cover,Cover,Cover,20,20,10,10,12.5,12,6,6,30,23,23,23,26.865,25.91,26.55,26.45,26.35,25.17,26.04,26.26,11,11,6,6,1,1,0,0,14,14,6,6
46,Slovakia,1483.35,1491.87,-8.52,WL,1,4,1,1,2,5,7,-2,4,1358,1362,1363,1356,4-4-2 Flat,4-2-3-1 Wide,4-2-3-1 Wide,4-3-3 Holding,76.5,75,77,77,75,76,79,79,74,74,77,78,74,74,76,77,Fast,Balanced,Balanced,Slow,Little,Normal,Normal,Little,Mixed,Mixed,Mixed,Short,Organised,Organised,Organised,Organised,Normal,Normal,Normal,Little,Normal,Normal,Normal,Safe,Lots,Normal,Normal,Little,Press,Press,Press,Contain,Medium,Medium,Medium,Deep,Cover,Cover,Cover,Cover,20,20,10,10,12.5,12,6,6,30,23,23,23,26.865,25.91,26.55,26.45,26.35,25.17,26.04,26.26,11,11,11,11,4,1,3,8,11,11,11,11
47,Romania,1480.13,1462.85,17.28,WW,7,21,8,5,8,30,32,-2,29,1356,1356,1356,1356,4-4-2 Flat,4-2-3-1 Wide,4-2-3-1 Wide,4-3-3 Holding,75,73,72,72,71,73,72,72,70,72,72,72,74,71,70,68,Fast,Balanced,Balanced,Slow,Little,Little,Normal,Little,Mixed,Mixed,Mixed,Short,Organised,Organised,Organised,Organised,Lots,Lots,Normal,Little,Normal,Normal,Normal,Safe,Lots,Normal,Normal,Little,Press,Press,Press,Contain,Deep,Medium,Medium,Deep,Cover,Cover,Cover,Cover,20,20,10,10,10,10,5,5,30,23,23,23,27.27,26.09,27.09,27.45,27.23,26.17,26.04,25.52,4,9,2,1,2,1,6,7,10,1,6,10
48,Greece,1472.99,1494.72,-21.73,LL,3,10,2,2,6,5,20,-15,8,1338,1338,1338,1338,3-4-2-1,4-2-3-1 Wide,4-2-3-1 Wide,4-3-3 Flat,76,74,76,73,76,76,78,72,75,72,74,75,74,76,77,73,Balanced,Balanced,Fast,Slow,Little,Normal,Normal,Little,Mixed,Mixed,Long,Short,Organised,Organised,Organised,Organised,Lots,Normal,Lots,Little,Safe,Normal,Risky,Safe,Little,Normal,Lots,Little,Contain,Press,Contain,Contain,Deep,Deep,Deep,Deep,Offside trap,Cover,Cover,Cover,20,20,10,10,13,13,6,6,27,23,23,23,27,25.64,28.09,25.45,26.63,25.17,26.04,25,5,7,7,7,0,1,1,1,5,10,10,10
